Workbook

Sheet Instructions
A1: Evoca — Test Plan
A3: How to use | B3: Work through the 'Test Plan' sheet top to bottom. For each row, sign in with the listed Test Account, go to the Route, follow the Steps, and compare against Expected Result.
A4: Recording | B4: Set Status from the dropdown. Add Actual Result (esp. on Fail), your name in Tester, and the Date.
A5: Status legend | B5: Not Started · Pass · Fail · Blocked · N/A
A6: Automated column | B6: Shows how each case is automated: E2E (Playwright), Unit (Vitest), Unit + E2E, E2E (smoke = shell/initiation only), or Manual. 'Test Ref' names the exact spec/test.
A7: Run automation | B7: Unit: pnpm test (or pnpm test:coverage, 80% gate on lib/). E2E: pnpm test:e2e. See tests/README.md.
A8: Coverage | B8: See the Summary sheet for execution status AND the automation breakdown (how much of the plan is automated vs manual-only).
A9: Dev login | B9: Use /login Dev only panel, or GET /api/dev-login?as=<key>. Dev shortcuts are disabled in production.
A10: Manual QA account | B10: ssc2324@proton.me owns 'Test Conference 2026' (published, with stream + schedule) and a talk 'Building Realtime Apps'.
A11: Companion doc | B11: See docs/testing-guide.md for full walkthroughs and known limitations.
A12: Known limits | B12: Dailymotion is embed-only (no in-app stream creation yet); Speaker Pro not surfaced; emails only with RESEND_API_KEY; Phase 6 polish unfinished.

Sheet Test Plan
A1: ID | B1: Area | C1: Feature | D1: Test Case | E1: Steps | F1: Expected Result | G1: Test Account | H1: Route | I1: Priority | J1: Automated | K1: Test Ref | L1: Status | M1: Actual Result | N1: Tester | O1: Date
A2: TC-001 | B2: Auth & Access | C2: Dev login | D2: Sign in via dev panel | E2: Open /login → click an account in the Dev only panel | F2: Lands on /dashboard signed in as that account | G2: any | H2: /login | I2: High | J2: E2E | K2: dashboard.spec.ts › auth setup + dashboard | L2: Not Started
A3: TC-002 | B3: Auth & Access | C3: Dev login | D3: Sign in via URL | E3: GET /api/dev-login?as=organizer-live | F3: Session set, redirected to dashboard | G3: organizer-live | H3: /api/dev-login | I3: Medium | J3: E2E | K3: auth.setup.ts (dev-login via URL) | L3: Not Started
A4: TC-003 | B4: Auth & Access | C4: Route protection | D4: Protected route while logged out | E4: Sign out, visit /dashboard | F4: Redirected to /login | G4: — | H4: /dashboard | I4: High | J4: E2E | K4: dashboard.spec.ts › Protected routes | L4: Not Started
A5: TC-004 | B5: Auth & Access | C5: Access state | D5: Free has no organizer access | E5: Login as free; attempt a gated organizer action | F5: Paywall opens; action blocked | G5: free | H5: /dashboard/conference | I5: High | J5: E2E | K5: dashboard.spec.ts › Free account paywall | L5: Not Started
A6: TC-005 | B6: Auth & Access | C6: Access state | D6: Organizer LIVE full access | E6: Login as organizer-live; run a gated action | F6: Action proceeds, no paywall | G6: organizer-live | H6: /dashboard/conference | I6: High | J6: E2E | K6: features-authed.spec.ts › Conference scheduling | L6: Not Started
A7: TC-006 | B7: Auth & Access | C7: Access state | D7: One-time PREP before window | E7: Login as organizer-onetime-prep; try to present/Q&A | F7: Setup allowed; live actions blocked | G7: organizer-onetime-prep | H7: /dashboard/conference | I7: High | J7: Unit | K7: billing.test.ts (PREP access window) | L7: Not Started
A8: TC-007 | B8: Auth & Access | C8: Access state | D8: Expired = NONE | E8: Login as organizer-expired; click gated action | F8: Content visible; paywall on action | G8: organizer-expired | H8: /dashboard | I8: Medium | J8: Unit | K8: billing.test.ts (expired → none) | L8: Not Started
A9: TC-008 | B9: Auth & Access | C9: Access state | D9: Grace = PREP | E9: Login as organizer-grace | F9: Prep access granted; live blocked | G9: organizer-grace | H9: /dashboard/conference | I9: Medium | J9: Unit | K9: billing.test.ts (grace → prep) | L9: Not Started
A10: TC-009 | B10: Billing & Paywall | C10: Pricing | D10: Pricing renders | E10: Visit / and /pricing | F10: Plans + prices display correctly | G10: any | H10: /pricing | I10: High | J10: E2E | K10: features-public.spec.ts › Pricing page (feat-023) | L10: Not Started
A11: TC-010 | B11: Billing & Paywall | C11: Currency | D11: EUR vs USD by region | E11: Check /api/locale response / pricing currency | F11: EU shows EUR, non-EU shows USD | G11: any | H11: /pricing | I11: Medium | J11: Unit + E2E | K11: locale.test.ts + features-authed.spec.ts (pricing currency) | L11: Not Started
A12: TC-011 | B12: Billing & Paywall | C12: Checkout | D12: Start checkout (test mode) | E12: From pricing, start an organizer plan checkout | F12: Stripe Checkout opens with correct amount | G12: free | H12: /pricing | I12: High | J12: E2E (smoke) | K12: features-authed.spec.ts › Stripe upgrade flow | L12: Not Started
A13: TC-012 | B13: Billing & Paywall | C13: Account | D13: Manage plan | E13: Open /dashboard/account | F13: Plan + manage/portal controls show | G13: organizer-live | H13: /dashboard/account | I13: Medium | J13: E2E | K13: features-authed.spec.ts › Account page (plan section) | L13: Not Started
... A46: TC-045 | B46: Responsive & A11y | C46: Theme | D46: Light/dark contrast | E46: Toggle theme; review yellow buttons/badges | F46: Text legible on yellow in both themes | G46: any | H46: various | I46: Low | J46: E2E | K46: features-public.spec.ts › Theme switcher (feat-011) | L46: Not Started

Sheet Summary
A1: Status | B1: Count | C1: % of Total
A2: Not Started | B2: =COUNTIF('Test Plan'!L2:L46,"Not Started") | C2: =COUNTIF('Test Plan'!L2:L46,"Not Started")/45
A3: Pass | B3: =COUNTIF('Test Plan'!L2:L46,"Pass") | C3: =COUNTIF('Test Plan'!L2:L46,"Pass")/45
A4: Fail | B4: =COUNTIF('Test Plan'!L2:L46,"Fail") | C4: =COUNTIF('Test Plan'!L2:L46,"Fail")/45
A5: Blocked | B5: =COUNTIF('Test Plan'!L2:L46,"Blocked") | C5: =COUNTIF('Test Plan'!L2:L46,"Blocked")/45
A6: N/A | B6: =COUNTIF('Test Plan'!L2:L46,"N/A") | C6: =COUNTIF('Test Plan'!L2:L46,"N/A")/45
A8: Total | B8: 45
A10: Automation | B10: Count | C10: % of Total
A11: E2E | B11: =COUNTIF('Test Plan'!J2:J46,"E2E") | C11: =COUNTIF('Test Plan'!J2:J46,"E2E")/45
A12: Unit + E2E | B12: =COUNTIF('Test Plan'!J2:J46,"Unit + E2E") | C12: =COUNTIF('Test Plan'!J2:J46,"Unit + E2E")/45
A13: E2E (smoke) | B13: =COUNTIF('Test Plan'!J2:J46,"E2E (smoke)") | C13: =COUNTIF('Test Plan'!J2:J46,"E2E (smoke)")/45
A14: Unit | B14: =COUNTIF('Test Plan'!J2:J46,"Unit") | C14: =COUNTIF('Test Plan'!J2:J46,"Unit")/45
A15: Manual | B15: =COUNTIF('Test Plan'!J2:J46,"Manual") | C15: =COUNTIF('Test Plan'!J2:J46,"Manual")/45
A16: Automated (any) | B16: =45-COUNTIF('Test Plan'!J2:J46,"Manual") | C16: =(45-COUNTIF('Test Plan'!J2:J46,"Manual"))/45
